beta,se,95_lower,95_upper,p,emm_control,emm_active,mean_diff,SD_pooled,SE_pooled,cohens_d,95CI,95CI_low_cohens_d,95CI_up_cohens_d,95CI_low_emm_ctrl,95CI_up_emm_ctrl,95CI_low_emm_active,95CI_up_emm_active
69.52809879839313,79.83513493726086,-91.95370307632007,231.00990067310633,0.3891403847765268,1017.6638802643243,1087.1919790627176,69.52809879839322,244.2498162941656,70.75495352531338,0.2846597792919365,138.67970890961422,-138.3950491303223,138.96436868890615,923.7772735038709,1111.5504870247778,985.1264768875785,1189.2574812378566
0.9824219598176682,0.1369229165443478,0.7054692209152034,1.259374698720133,1.233971185051068e-08,975.7175000000001,975.7175000000001,0.0,244.2498162941656,70.75495352531338,0.0,138.67970890961422,-138.67970890961422,138.67970890961422,881.8308932395466,1069.6041067604535,873.651997824861,1077.783002175139
,,,,,0.38425267844040273,0.38425267844040273,0.0,244.2498162941656,70.75495352531338,0.0,138.67970890961422,-138.67970890961422,138.67970890961422,-93.50235408201308,94.2708594388939,-101.68124949669861,102.44975485357942
,,,,,0.6534254624723966,0.6534254624723966,0.0,244.2498162941656,70.75495352531338,0.0,138.67970890961422,-138.67970890961422,138.67970890961422,-93.23318129798109,94.54003222292589,-101.41207671266662,102.71892763761142
,,,,,0.7727794854938019,0.7727794854938019,0.0,244.2498162941656,70.75495352531338,0.0,138.67970890961422,-138.67970890961422,138.67970890961422,-93.11382727495969,94.65938624594729,-101.29272268964522,102.83828166063282
